Login,Password,address1,address2,pass1,arrive,depart
jojo,bean,First street,Ubery,Jojo Bean,Portland,Denver
Mark,Tven,Boom street,Akron,Mark Tven,San Francisco,Frankfurt
Tony,Versety,Beach street,Vicecity,Tony Versety,Seattle,London
Thomas,Shelbi,Opolo street,Boston,Thomas Shelby,Sydney,Los Angeles
Cliver,Abramson,Fire street,Buffalo,Oliver Abromson,Zurich,Paris
Jack,James,Frends street,Cary,Jack James,Denwer,Portland
Harry,Bishop,Obama street,Concord,Harry Bishop,Frankfurt,San Francisco
Jacob,Logman,Wall Street,Erie,Jacob Logman,London,Seattle
Charley,Mason,Liberty street,Frisco,Charley Mason,Los Angeles,Sydney
George,Miller,Lafayette Street,Gresham,George Miller,Paris,Zurich
